
--created: Carlos Morales
--date: 18 dic 2019
--Description: script de base datos para minimarket

CREATE DATABASE [MyMarket]
 CONTAINMENT = NONE
 ON  PRIMARY 
( NAME = N'MyMarket', FILENAME = N'C:\Program Files\Microsoft SQL Server\MSSQL12.SQLEXPRESS\MSSQL\DATA\MyMarket.mdf' , SIZE = 4288KB , MAXSIZE = UNLIMITED, FILEGROWTH = 1024KB )
 LOG ON 
( NAME = N'MyMarket_log', FILENAME = N'C:\Program Files\Microsoft SQL Server\MSSQL12.SQLEXPRESS\MSSQL\DATA\MyMarket_log.ldf' , SIZE = 1072KB , MAXSIZE = 2048GB , FILEGROWTH = 10%)
GO
ALTER DATABASE [MyMarket] SET COMPATIBILITY_LEVEL = 120
GO
IF (1 = FULLTEXTSERVICEPROPERTY('IsFullTextInstalled'))
begin
EXEC [MyMarket].[dbo].[sp_fulltext_database] @action = 'enable'
end
GO
ALTER DATABASE [MyMarket] SET ANSI_NULL_DEFAULT OFF 
GO
ALTER DATABASE [MyMarket] SET ANSI_NULLS OFF 
GO
ALTER DATABASE [MyMarket] SET ANSI_PADDING OFF 
GO
ALTER DATABASE [MyMarket] SET ANSI_WARNINGS OFF 
GO
ALTER DATABASE [MyMarket] SET ARITHABORT OFF 
GO
ALTER DATABASE [MyMarket] SET AUTO_CLOSE ON 
GO
ALTER DATABASE [MyMarket] SET AUTO_SHRINK OFF 
GO
ALTER DATABASE [MyMarket] SET AUTO_UPDATE_STATISTICS ON 
GO
ALTER DATABASE [MyMarket] SET CURSOR_CLOSE_ON_COMMIT OFF 
GO
ALTER DATABASE [MyMarket] SET CURSOR_DEFAULT  GLOBAL 
GO
ALTER DATABASE [MyMarket] SET CONCAT_NULL_YIELDS_NULL OFF 
GO
ALTER DATABASE [MyMarket] SET NUMERIC_ROUNDABORT OFF 
GO
ALTER DATABASE [MyMarket] SET QUOTED_IDENTIFIER OFF 
GO
ALTER DATABASE [MyMarket] SET RECURSIVE_TRIGGERS OFF 
GO
ALTER DATABASE [MyMarket] SET  ENABLE_BROKER 
GO
ALTER DATABASE [MyMarket] SET AUTO_UPDATE_STATISTICS_ASYNC OFF 
GO
ALTER DATABASE [MyMarket] SET DATE_CORRELATION_OPTIMIZATION OFF 
GO
ALTER DATABASE [MyMarket] SET TRUSTWORTHY OFF 
GO
ALTER DATABASE [MyMarket] SET ALLOW_SNAPSHOT_ISOLATION OFF 
GO
ALTER DATABASE [MyMarket] SET PARAMETERIZATION SIMPLE 
GO
ALTER DATABASE [MyMarket] SET READ_COMMITTED_SNAPSHOT ON 
GO
ALTER DATABASE [MyMarket] SET HONOR_BROKER_PRIORITY OFF 
GO
ALTER DATABASE [MyMarket] SET RECOVERY SIMPLE 
GO
ALTER DATABASE [MyMarket] SET  MULTI_USER 
GO
ALTER DATABASE [MyMarket] SET PAGE_VERIFY CHECKSUM  
GO
ALTER DATABASE [MyMarket] SET DB_CHAINING OFF 
GO
ALTER DATABASE [MyMarket] SET FILESTREAM( NON_TRANSACTED_ACCESS = OFF ) 
GO
ALTER DATABASE [MyMarket] SET TARGET_RECOVERY_TIME = 0 SECONDS 
GO
ALTER DATABASE [MyMarket] SET DELAYED_DURABILITY = DISABLED 
GO
USE [MyMarket]
GO
/****** Object:  Table [dbo].[__MigrationHistory]    Script Date: 18/12/2019 5:10:35 p. m. ******/
SET ANSI_NULLS ON
GO
SET QUOTED_IDENTIFIER ON
GO
SET ANSI_PADDING ON
GO
CREATE TABLE [dbo].[__MigrationHistory](
	[MigrationId] [nvarchar](150) NOT NULL,
	[ContextKey] [nvarchar](300) NOT NULL,
	[Model] [varbinary](max) NOT NULL,
	[ProductVersion] [nvarchar](32) NOT NULL,
 CONSTRAINT [PK_dbo.__MigrationHistory] PRIMARY KEY CLUSTERED 
(
	[MigrationId] ASC,
	[ContextKey] ASC
)WITH (PAD_INDEX = OFF, STATISTICS_NORECOMPUTE = OFF, IGNORE_DUP_KEY = OFF, ALLOW_ROW_LOCKS = ON, ALLOW_PAGE_LOCKS = ON) ON [PRIMARY]
) ON [PRIMARY] TEXTIMAGE_ON [PRIMARY]

GO
SET ANSI_PADDING OFF
GO
/****** Object:  Table [dbo].[AspNetRoles]    Script Date: 18/12/2019 5:10:35 p. m. ******/
SET ANSI_NULLS ON
GO
SET QUOTED_IDENTIFIER ON
GO
CREATE TABLE [dbo].[AspNetRoles](
	[Id] [nvarchar](128) NOT NULL,
	[Name] [nvarchar](256) NOT NULL,
 CONSTRAINT [PK_dbo.AspNetRoles] PRIMARY KEY CLUSTERED 
(
	[Id] ASC
)WITH (PAD_INDEX = OFF, STATISTICS_NORECOMPUTE = OFF, IGNORE_DUP_KEY = OFF, ALLOW_ROW_LOCKS = ON, ALLOW_PAGE_LOCKS = ON) ON [PRIMARY]
) ON [PRIMARY]

GO
/****** Object:  Table [dbo].[AspNetUserClaims]    Script Date: 18/12/2019 5:10:35 p. m. ******/
SET ANSI_NULLS ON
GO
SET QUOTED_IDENTIFIER ON
GO
CREATE TABLE [dbo].[AspNetUserClaims](
	[Id] [int] IDENTITY(1,1) NOT NULL,
	[UserId] [nvarchar](128) NOT NULL,
	[ClaimType] [nvarchar](max) NULL,
	[ClaimValue] [nvarchar](max) NULL,
 CONSTRAINT [PK_dbo.AspNetUserClaims] PRIMARY KEY CLUSTERED 
(
	[Id] ASC
)WITH (PAD_INDEX = OFF, STATISTICS_NORECOMPUTE = OFF, IGNORE_DUP_KEY = OFF, ALLOW_ROW_LOCKS = ON, ALLOW_PAGE_LOCKS = ON) ON [PRIMARY]
) ON [PRIMARY] TEXTIMAGE_ON [PRIMARY]

GO
/****** Object:  Table [dbo].[AspNetUserLogins]    Script Date: 18/12/2019 5:10:35 p. m. ******/
SET ANSI_NULLS ON
GO
SET QUOTED_IDENTIFIER ON
GO
CREATE TABLE [dbo].[AspNetUserLogins](
	[LoginProvider] [nvarchar](128) NOT NULL,
	[ProviderKey] [nvarchar](128) NOT NULL,
	[UserId] [nvarchar](128) NOT NULL,
 CONSTRAINT [PK_dbo.AspNetUserLogins] PRIMARY KEY CLUSTERED 
(
	[LoginProvider] ASC,
	[ProviderKey] ASC,
	[UserId] ASC
)WITH (PAD_INDEX = OFF, STATISTICS_NORECOMPUTE = OFF, IGNORE_DUP_KEY = OFF, ALLOW_ROW_LOCKS = ON, ALLOW_PAGE_LOCKS = ON) ON [PRIMARY]
) ON [PRIMARY]

GO
/****** Object:  Table [dbo].[AspNetUserRoles]    Script Date: 18/12/2019 5:10:35 p. m. ******/
SET ANSI_NULLS ON
GO
SET QUOTED_IDENTIFIER ON
GO
CREATE TABLE [dbo].[AspNetUserRoles](
	[UserId] [nvarchar](128) NOT NULL,
	[RoleId] [nvarchar](128) NOT NULL,
 CONSTRAINT [PK_dbo.AspNetUserRoles] PRIMARY KEY CLUSTERED 
(
	[UserId] ASC,
	[RoleId] ASC
)WITH (PAD_INDEX = OFF, STATISTICS_NORECOMPUTE = OFF, IGNORE_DUP_KEY = OFF, ALLOW_ROW_LOCKS = ON, ALLOW_PAGE_LOCKS = ON) ON [PRIMARY]
) ON [PRIMARY]

GO
/****** Object:  Table [dbo].[AspNetUsers]    Script Date: 18/12/2019 5:10:35 p. m. ******/
SET ANSI_NULLS ON
GO
SET QUOTED_IDENTIFIER ON
GO
CREATE TABLE [dbo].[AspNetUsers](
	[Id] [nvarchar](128) NOT NULL,
	[Email] [nvarchar](256) NULL,
	[EmailConfirmed] [bit] NOT NULL,
	[PasswordHash] [nvarchar](max) NULL,
	[SecurityStamp] [nvarchar](max) NULL,
	[PhoneNumber] [nvarchar](max) NULL,
	[PhoneNumberConfirmed] [bit] NOT NULL,
	[TwoFactorEnabled] [bit] NOT NULL,
	[LockoutEndDateUtc] [datetime] NULL,
	[LockoutEnabled] [bit] NOT NULL,
	[AccessFailedCount] [int] NOT NULL,
	[UserName] [nvarchar](256) NOT NULL,
 CONSTRAINT [PK_dbo.AspNetUsers] PRIMARY KEY CLUSTERED 
(
	[Id] ASC
)WITH (PAD_INDEX = OFF, STATISTICS_NORECOMPUTE = OFF, IGNORE_DUP_KEY = OFF, ALLOW_ROW_LOCKS = ON, ALLOW_PAGE_LOCKS = ON) ON [PRIMARY]
) ON [PRIMARY] TEXTIMAGE_ON [PRIMARY]

GO
/****** Object:  Table [dbo].[BuyingProducts]    Script Date: 18/12/2019 5:10:35 p. m. ******/
SET ANSI_NULLS ON
GO
SET QUOTED_IDENTIFIER ON
GO
CREATE TABLE [dbo].[BuyingProducts](
	[Id] [bigint] IDENTITY(1,1) NOT NULL,
	[NumberBuying] [int] NOT NULL,
	[UnitPriceBuying] [decimal](18, 2) NOT NULL,
	[AmountBuying] [int] NOT NULL,
	[IsLoading] [bit] NOT NULL,
	[UserId] [nvarchar](128) NULL,
	[ProductId] [bigint] NOT NULL,
	[CreationTime] [datetime] NOT NULL,
 CONSTRAINT [PK_dbo.BuyingProducts] PRIMARY KEY CLUSTERED 
(
	[Id] ASC
)WITH (PAD_INDEX = OFF, STATISTICS_NORECOMPUTE = OFF, IGNORE_DUP_KEY = OFF, ALLOW_ROW_LOCKS = ON, ALLOW_PAGE_LOCKS = ON) ON [PRIMARY]
) ON [PRIMARY]

GO
/****** Object:  Table [dbo].[Customers]    Script Date: 18/12/2019 5:10:35 p. m. ******/
SET ANSI_NULLS ON
GO
SET QUOTED_IDENTIFIER ON
GO
CREATE TABLE [dbo].[Customers](
	[Id] [bigint] IDENTITY(1,1) NOT NULL,
	[IdentificationNumber] [int] NOT NULL,
	[FirstName] [nvarchar](50) NOT NULL,
	[LastName] [nvarchar](50) NOT NULL,
	[Address] [nvarchar](256) NULL,
	[Mail] [nvarchar](500) NULL,
	[PhoneNumber] [int] NOT NULL,
	[CreationTime] [datetime] NOT NULL,
	[UserId] [nvarchar](128) NULL,
 CONSTRAINT [PK_dbo.Customers] PRIMARY KEY CLUSTERED 
(
	[Id] ASC
)WITH (PAD_INDEX = OFF, STATISTICS_NORECOMPUTE = OFF, IGNORE_DUP_KEY = OFF, ALLOW_ROW_LOCKS = ON, ALLOW_PAGE_LOCKS = ON) ON [PRIMARY]
) ON [PRIMARY]

GO
/****** Object:  Table [dbo].[Products]    Script Date: 18/12/2019 5:10:35 p. m. ******/
SET ANSI_NULLS ON
GO
SET QUOTED_IDENTIFIER ON
GO
CREATE TABLE [dbo].[Products](
	[Id] [bigint] IDENTITY(1,1) NOT NULL,
	[Name] [nvarchar](50) NOT NULL,
	[Description] [nvarchar](256) NULL,
	[Code] [int] NOT NULL,
	[CreationTime] [datetime] NOT NULL,
	[UserId] [nvarchar](128) NULL,
 CONSTRAINT [PK_dbo.Products] PRIMARY KEY CLUSTERED 
(
	[Id] ASC
)WITH (PAD_INDEX = OFF, STATISTICS_NORECOMPUTE = OFF, IGNORE_DUP_KEY = OFF, ALLOW_ROW_LOCKS = ON, ALLOW_PAGE_LOCKS = ON) ON [PRIMARY]
) ON [PRIMARY]

GO
/****** Object:  Table [dbo].[Receipts]    Script Date: 18/12/2019 5:10:35 p. m. ******/
SET ANSI_NULLS ON
GO
SET QUOTED_IDENTIFIER ON
GO
CREATE TABLE [dbo].[Receipts](
	[Id] [bigint] IDENTITY(1,1) NOT NULL,
	[CodeReceipt] [int] NOT NULL,
	[TotalPrice] [decimal](18, 2) NOT NULL,
	[IVA] [decimal](18, 2) NOT NULL,
	[CreationTime] [datetime] NOT NULL,
	[CustomerId] [bigint] NOT NULL,
	[UserId] [nvarchar](128) NULL,
 CONSTRAINT [PK_dbo.Receipts] PRIMARY KEY CLUSTERED 
(
	[Id] ASC
)WITH (PAD_INDEX = OFF, STATISTICS_NORECOMPUTE = OFF, IGNORE_DUP_KEY = OFF, ALLOW_ROW_LOCKS = ON, ALLOW_PAGE_LOCKS = ON) ON [PRIMARY]
) ON [PRIMARY]

GO
/****** Object:  Table [dbo].[SaleProducts]    Script Date: 18/12/2019 5:10:35 p. m. ******/
SET ANSI_NULLS ON
GO
SET QUOTED_IDENTIFIER ON
GO
CREATE TABLE [dbo].[SaleProducts](
	[Id] [bigint] IDENTITY(1,1) NOT NULL,
	[Amount] [int] NOT NULL,
	[IsLoading] [bit] NOT NULL,
	[UnitPrice] [decimal](18, 2) NOT NULL,
	[TotalPrice] [decimal](18, 2) NOT NULL,
	[CreationTime] [datetime] NOT NULL,
	[ProductId] [bigint] NOT NULL,
	[ReceiptId] [bigint] NOT NULL,
 CONSTRAINT [PK_dbo.SaleProducts] PRIMARY KEY CLUSTERED 
(
	[Id] ASC
)WITH (PAD_INDEX = OFF, STATISTICS_NORECOMPUTE = OFF, IGNORE_DUP_KEY = OFF, ALLOW_ROW_LOCKS = ON, ALLOW_PAGE_LOCKS = ON) ON [PRIMARY]
) ON [PRIMARY]

GO
/****** Object:  Table [dbo].[WareHouses]    Script Date: 18/12/2019 5:10:35 p. m. ******/
SET ANSI_NULLS ON
GO
SET QUOTED_IDENTIFIER ON
GO
CREATE TABLE [dbo].[WareHouses](
	[Id] [bigint] IDENTITY(1,1) NOT NULL,
	[AmountWareHouse] [int] NOT NULL,
	[UnitPriceBuying] [decimal](18, 2) NOT NULL,
	[MargenGain] [decimal](18, 2) NOT NULL,
	[CreationTime] [datetime] NOT NULL,
	[UserId] [nvarchar](128) NULL,
	[ProductId] [bigint] NOT NULL,
 CONSTRAINT [PK_dbo.WareHouses] PRIMARY KEY CLUSTERED 
(
	[Id] ASC
)WITH (PAD_INDEX = OFF, STATISTICS_NORECOMPUTE = OFF, IGNORE_DUP_KEY = OFF, ALLOW_ROW_LOCKS = ON, ALLOW_PAGE_LOCKS = ON) ON [PRIMARY]
) ON [PRIMARY]

GO
INSERT [dbo].[__MigrationHistory] ([MigrationId], [ContextKey], [Model], [ProductVersion]) VALUES (N'201912140023349_Initial', N'MyMarket.Migrations.Configuration', 0x1F8B0800000000000400DD5CDD6EE3B815BE2FD0771074D516592B3F9DC134707691759236E8E407E3CCA277035AA21D61244A2B515907459FAC177DA4BE420F254A162952A66445768A0106117FBE737878481E1E7DF27FFFFD9FE94FEB30B05E7092FA11B9B04F26C7B685891B793E595DD8195DFEF0C9FEE9C7DFFF6E7AED856BEB97B2DD196B073D497A613F531A9F3B4EEA3EE310A593D07793288D9674E246A183BCC8393D3EFE8B7372E26080B001CBB2A65F3242FD10E70FF0388B888B639AA1E02EF27090F272A899E7A8D63D0A711A23175FD877AF7728F98EE9A4686A5B97818F408D390E96B685088928A2A0E4F9D714CF691291D53C8602143CBDC618DA2D519062AEFCF9A6B9E9388E4FD9389C4DC712CACD521A851D014FCEB8611CB97B2FF3DA95E1C074D76062FACA469D9BEFC2BEF5705EF4250AC000B2C0F35990B0C660E14AC4651ADF83A5CB8E9302F22601B8DFA2E4FBA48E786419F73BAA1CE97472CCFE1D59B32CA059822F08CE68828223EB315B04BEFB77FCFA147DC7E4E2EC64B13CFBF4E123F2CE3EFE199F7DA88F14C60AED8402287A4CA21827A01B5E56E3B72D47ECE7C81DAB6EB53E8555C097604DD8D61D5A7FC664459F61B59C7EB2AD1B7F8DBDB2843BD757E2C312824E34C9E0F13E0B02B4087055EFB4CA64FFB7483DFDF07110A9F7E8C55FE5532FC9878593C0BAFA8283BC367DF6E3627909F3FD8D37BB49A2903D8BFE55D47E9B4759E2B2C144DA264F2859612A6A377536CE6BE4D20C6A78B72E510FDFB599A64DF756366503EAB3124A1163AF8652DFB795DBCBE386F7B6C3F7B4F7B2895E87C80F06D8450DA440F4B2F4931057A3FC39029F45A4B3CE8F284D616ABDBFA1F4B94575F87300D5E7D8CD1270A8394561FCE6D21E9F2382EFB370C156CD78B2069B9AA7DFA21BE4D228B926ACD7CE789F23F77B94D16BE25D218ABF52B704648F4F7E680E30883A97AE8BD3F4069C197BB30882F312F096D0B3D3CE706C2BDB7714330B901FB687314CCD6F65BB661C53ABD60632F536AA48A64DC3CFD1CA27061A96ED341A16D5ED1AF2365D356448060AF2661AFDF2DA76F58A26834582F97C0C7F38E7B0FFEF27B46EC1D7CC38876D10FF15139CC05EE53D224A7142363360B239EC2322C8A78F097DF3032897F40B0AB2A145F55A0DF9DA1F7E35E4B087BF1A7235A1F8C5F758E86170412A1B03BC517BF5DD6BFB9A93341B7B3908C31C5BF8387B806EB95CA669E4FAF92A50A4C6786243D41F02356B7B96A3188D9C29818181A3FB31B83694C0D86CD9A91EC8150E30C5D6A55BA40E67287591D734230CC8EBA05879A22A14DB644C44E5FED490099E8E13D609B19B4E0A2BD527B4B92C7CE2FA310AB65A49EA697884B1B15732E49A2B1C63C2046EB58489707582842950C99126659B85A64ECDE3CC1CB11E9A6E9B70659CAA9EF1915D51151D6B34E331DB9B3AA3C250237AA3C21826D2B5A9BDD1DD91DF438C265DBE941C8E3B4A57218D663C687A7B77140D35B63B8AC6785FEE58DC3A8DE65CBA821E8E338A17DFFD1DD34D2B8DED8982250ECC118B2812FA50E8819332F7BB46611C60568CD75471C1020DF91D2BE5E1AAEC130C768EA9986DD9C4ACCA58D26907911DA70D70E35C5B40F9ABBE56A04E9A9549B756441E1274802D3365ADB07C6B97606B53DFC4AEBFEFAC35D4BF15957DD2E8FA508DAC7285866F1B45FB351C8537C85B9538F00E4611B2A77AAB682359E358B6361E3E07067651859E1AC3946318D632A52F6EB18C2AA8320EABFA5B468A82349629C730AC65B8236E318CE278373DE0FB9B453C8F075A48651AA23A40AABAA953F09B78C1D4D110A1A677288E7DB2AA11A37889352F5851B31FE6DD19436181E1B8A9823854695B49A251825658AA05D1A0E98D9FA4F40A51B4402C0933F3C24633E9B8D46CEAA5B0FA89D89CBB72772F5BB3BF8B1E123B4C3C3B9B610507B88181852C30C953DB8A695777B7183F0D05285164D367519085441F27E97B172FCEEAFD8B9226C2D491F46F84420D5335E254D1EE46B3D25C0B43CC50158CF49F253D84CED6651059B7B62EB0D4A39419A33A8A2E8BB4B759D30526FD666AC7591A6B2D7116481D801775C4A811091A60B53A735491EB51C7146BCC112542471D52AAEAA0659DB6212859AFE885A7B1A8BA85B9842651A38EDEAC3547565036EAD08AEA1ED80A9DE53A735405ABA30EACA836C7DE503CE4BDF3804F2BED35A4DF26585C5077DB0935186FB31D0E73DCD55EA4D7816AC51DB1F8ABF206182F3F4857D2DEDBFAB9529194D8CD953418FA3D4778FF2C6E39AD2FCDF598C24B65615B6F7BA9AEC7EBE6B06FEA168D5B9CDCA4925EDDE6A45BDB94DFA0B67FE3D2B852154D6CAB34231CE9AF29C5E1843598CC7F0D66818FD9065E36B843C45FE29416440AFBF4F8E454FA52E670BE5A71D2D40B3A7CBA22CED9089C28F28212F719254D86C20E5F766C401B89E35BE2E1F585FDCFBCD7799EA7607FE5C547D66DFA95F8BF6650F19464D8FA579356393CD3BDAFDD47FF2EC1DCAAB7FFF856743DB21E125831E7D6B164CB3E332C7EADD0499BA2EB0EDAF4FB86E1FDAE2681E2AF449556437F46FFC2A783B0F94B2DFF10A2F51FBBAAA664ECEF84A860E50F8537880975ACFB3E585AC6BD078F3467DC771BAC9A81DF47352DFBDE27DDC164EEBDF91E54F6DCE339A3B80D8DB125E576DE4A6BDE89E3B8EF83A9C17EDE69A13719CE1DE0766031F7F08C7746001EEC7454F07B07C3DEA76BBF39A9F75078BC1B76C67EE9BB6353818C65BE4BA2EE21D1CF38C166CF8CDCB1FD4B97B53D64AE6307EAED213918A75AED99633BB683E972B987EC60E664DA43F2AF7D1F8FFBF02EE3E371EF04D9263148F3964595E4DD46832D32E2707B5F44E00145B4587C81A8A667E9846D3C452B70D3442F54CF0B6B13BC9552DB2EB09B307E9EB74AE46DDAC56AF8926DB2F956DF2A9BB76997AD6124EE83BDABE407AAE8D45BB6AF3622D33B60EB6A07606C06C131352FC8DF013977774308AB44F37AF7E0B9B8BB9B61C865D1817BDB7C3B0B2762ED770AE1544EFDD50682FD6A21C1AE7016566D6EC9322A8F6449A3B2899453B9C3147970505E26D45F22974235CB0AE71F46E79936F66E6281BD5BF290D138A330641C2E022145C58EF636F939C158D479FA10E73FED31C410404D9F65D31FC8CF991F7895DE378A2C8E0682C50C3C07CBE692B25CECEAB542BA8F882110375F15EA3CE1300E002C7D2073F482FBE806EEF719AF90FBBAC9D9E940B64F8468F6E9958F56090A538EB1E90F8FE0C35EB8FEF17F9BAAFCFAAE530000, N'6.1.0-30225')
GO
INSERT [dbo].[__MigrationHistory] ([MigrationId], [ContextKey], [Model], [ProductVersion]) VALUES (N'201912170020559_MiMarket', N'MyMarket.Migrations.Configuration', 0x1F8B0800000000000400ED1DD96EE4B8F13D40FE41E8A7249875FBD8194C0C7B175E1FBBC68E3DC6B47793B7012DD1B6303A7A25F5AC8D205F96877C527E21A44EDE2225EA68AFE117B748168BC5AAE251C5AAFFFDE7BF47DF3F8581F31526A91F47C78BBD9DDD85032337F6FCE8E178B1C9EEBF79BFF8FEBB3FFFE9E8DC0B9F9C5FAB7A07B81E6A19A5C78BC72C5B1F2E97A9FB084390EE84BE9BC4697C9FEDB871B8045EBCDCDFDDFDFB726F6F0911880582E538479F3651E68730FF817E9EC6910BD7D9060457B10783B4FC8E4A563954E71A84305D03171E2FAE9EAF40F205663B45D5857312F800A1B182C1FDC2015114672043481EFE92C25596C4D1C36A8D3E80E0F6790D51BD7B10A4B044FEB0A9AE3B8EDD7D3C8E65D3B002E56ED22C0E0D01EE1D948459B2CD3B917751130E91EE1C91387BC6A3CEC977BCF861F38C66F52689BD8D9B2D1CB6C7C3D320C1B53912EF500DDF3855F19B9A1F10DBE0BF37CEE926C836093C8EE0264B40F0C6B9D9DC05BEFB337CBE8DBFC0E838DA04018924421395511FD027D4D31A26D9F327785FA27EE92D9C25DD6EC936AC9B116D8AF15C46D9BB6F17CE35EA1CDC05B0E60162ECAB2C4EE08F308209C8A07703B20C26118601732A72BD337D5D6FC23B981474227A3DD817F4AA86F44BE4673789EF421AD81974FD10040BE72641FF95C2FA7EE1AC5C80419BF77312C648066D607C997E88814780F9218E030822F3A1A73069260DC96E0EF30A3C7D80D143F68806BC8F467CE13F41AFFA52C24544432A0B35CA924D6B37251FB7B3871ACC690273D6B9457AAC9E25C43CC5EF3660D7E0ABFF90B71763B7703EC1202F4F1FFD75A1DD6839FC5CD7BC48E2F0531CB0125E55F8BC8A37898B718C55B56E41F200337D44F16C6960595493A1884B5BF0CBAB88903B5A361A4EA9F73A68BC575DA7D075A061788190BEDDD5925143693B83A99BF8EB626594F6BDFFF69D0505718A6AF65389FD74C3486AD15CB26532AD94667B725C3168D1BD4298EB2DD249BABE46425D35DC29405E2408DCEF71F265878488645DB75DA30CF67595C1C1DEDDFDC1FBB7EF8077F0EE5B78F0767CC5D083710C19F63C047E30B894E6BDA083C3BD9F84D0EBBBF7B801698AA6D6FB09A48F0AD4D1BF16505F41779320865A65205C0FDEDBCD631CC162833A665FD6A6E6F6F7F802B868CD3A8F70ABDEF03EC4EE9778939D471E56C9BF642EAFA135015841E7C475619A5E206686DE29DE93F73C3F2055D6B242EBCA5FE73DEC6900FC30152E21A4C6FD5CD56B56124131B7A088EA986E5E3FC40F7EA48161554F826151ACC6B0AC638A2186A48160594D825F5EAA46AFA8626D5DCEE7C3FEE29C837DE92BB44CE0ED6DDDAD6D254DF7C378FA70A7832F40794FBF826063BBAB4ED290CBBE7D69C8C1CE5F1A7234D1E7AFBE87B71ECBF6165565045EAB7EC5CFA632C76036B63850C31CBBF37174402771C16B917D69C150E72F2C62561656C503EAC2F55369FF0ADF9970DC69CE5F2D5708CC7D60D5E6F54250D817AE77EFBB3934FAA4D9ED1073E1276936C93DE3073051C7279E97A073E0E0D72657EABB99B7BB7AA333BE7278BD48258E70953AE16E52A902EEE04697F63AB37D822EF4D7463691B2C9AB0A14F12922514DD23E0C7F8B100A72FBEF6096DFCB5F4F06836D555E2B76EF6BA91D5DEE9B1D8640F64B36F9DC546AC49F2DE3340057C19AD5B682CC6A24F2BB141D7BB61DFB4780EDD8FE6F8B6D67EAAB65CC69EA6B513CDF9FCB6AFCB568532ABD1625AAF462E915D2A11D5C0F8866AF4BADA0AFC271692E2E4B95B7D6602BEA081B02AB8BB625EFAA72653106D3C9AF8A1039915795A098531EA23AC6269F6A03D982625D4F8C62B528AB50ACEAF45270FF0009FC29DEA4EA059B516F75A357E526556E0461B7C195F40A3351F423F0A3ED505133F733EDA4C26A96112930AE90D30D7C0D6B078B06347BB4A04B1438191F2F4ED23476FD1C138199A1F23BA047761E798E861342C133AC1D1EB10FD258FE1AE928F40571D082D5451FA33318C00C3A276EF13AE014A42EF0F8E94743F24C30ABE822C1AC34C8D3E8FD8DEB15A94898E05600FB54A548E9FA51C6EB533F72FD3508DA09C534D554C678F875276CC9195CC308F7D84E0C9DDEA5069765DD1133316D343A5A127C67C08EA59389D6A4B31E27F36147C6CF45825969111F9E1D69428DCD8E3431B68B1D0B9722AD3967FC8BE6C38CB4579304B1E2AE697856A4A83436275294983D23521EE6B29916BB9B37735CEF80DAA65602B2856D58B8BB3B3B7B76B84684C508FC22A2E7EC3945FC164A36BF2D0FA39A8966DE48EA7390FA51553B775AD58A9DB84F398211D85039473AFD1307AE19B0A45285A95EC15967C669959A1C97D1796AAB141CED23209B6989C34033C98D99519F7DC47E06A3738E108D11984648D3D9F30B675796CDAEDCC8DC4C707DC5ACCF3452D3B406334EBFF8C9B01F81DD64F3A1D335E9223129D7299594D887C00AB74DABA144588CC8315BA59F04F6F9B6A3BCC858CF4FB1E8183FF01D83C04560BA3B069E4A23DE31F094D0E95CECC13E12238AACBDB209579A7E9B19A75C3DF49598CA68BC0D274605FE23B0A0626EB6E1B428B2E8EB300A67DEB7CA86AC6340FB2A3D2F3664F01F990D99B9D152858DA3CB246CC81B8E656CA2B022374C42B82EE833A0DCFABC0D5A508AFD08CC279D936DD0808C67403B77C8CE0F3D996EDA3384188F517967C6E788C2BF03B5C9500B9854B15F9E40B80E20FE0C9F44DEB508C3D2032D2D9D755836C0605730135DDDA60BA7712B115FC5725C45835300D205517A3073ED69A66C01C23982B4412CBD450CC056113294604BABBF01D832AE85126A71B66A015ADD90888035D7512D40CA455A04A3DE15B581681990D66088BD860816B5FF6B01554BBF0810A150193084988A27AE0EEA42D454C47E6135889E17563D985A4E3855A4E734450012C90ABB61A0476F4A994A545A28237207920F887108EA4E19C67F4742996A0C7629530A470B61048E29F2E1D0AE29DDC9427B9248A852E2DF9B2894ED50400EB96D911A80D0AE48A0DEA810051584D6C3363A7618B324A8293F780D8B3F3500B5CD9F1809BBF82B88A2B6F26B90B8378164ACD1667C560C43C6269DE93234CB30CFA77962286CA714DA62EB298131B17B508C5E6C2F1D60E0FCDB517EEC6A3BA0D088C2590209D49BAD8F820052DB9F0E297BD04136FF72AB54BB5DAAEBD8879E7BD1FB46F98229B3B2E8DA59482A8816375DB3C8C00BA6F0E5164F95D62B7FED4B7F623CF4665C411ED535FF304B86F0B5989A2CC22B68ED4BE8BE6461AF9D3584B00359048F6478A2B45C886A5E891203204F5A0A72C82F4187E111F65D8E8A122D7A547243D78706B6B469F542A8BE41AACB8E96456E91F2C3D1529284E4E80AACD7687343242529BF38AB2223C9E9372BF36C1D610163E9520A9ABDEFAA7BCAE2043C40A6B4883B92074B3A0319B803F8C07EEA855C35E6BE4C7233507526BC12E327ADBA33A89AE1FFCB0781AAFC21821BC612C2051A6288EF27F34794B28D28DFDEC169624000921BFA491ABEA23C8D834D18C9EF4BE5ADE9941E241CBA441F22F71E9304CA15EAC3A553799040E9127D88C4FB788A80CD6783519797C5D4602517C8722884AD8204A43061C861D18F49497074090FF168C9B02A7701CE89056772A2854D4B14AD086177F11B5BF0003B2DC5177D0854B20812105560C0307942088A5162DE9EA884D099E5EC88D5448C2B3B80E8732D65EE30675D75F361F8B74C7F4002283F19C22022E873C0883203254A2539A0F42855A20F91C9644082648A0CB0248307524892059DE049282AAEA1DF039FA18084CE97EA4316E42A20410B8A3BC016E0CC96196C46F87406D48E842F36D379FCEAD07C9D8DDE13D8926C29C1C242DB4F134A600CA30EEDECFF8808F2D4EAD97C368455C688E78095DF67C94A52CB6037562AACF2FD58490243AE73A8C0EBB4CA51468B97C3BC21A3A933870379347939BCADD859F197A9B6B8227744E8C7146210C32A88CAA59C842273339F6CD61A1B489FD9925976346649DE7418E52F0E0D4EC313D5D0EF8108154E82253E1BEC88800854F3D560175445F3A6F63ED5477D3857DC51E2CAF024617B37FD073DC9D656883E822BB1B168C8ADB4E530624B85B366EF3D241E6F2A7864104BEA68447C37502A3880353538FC614A16269F6152F014CF33E5D0B64320AC6D3A7A6E38CC361B635D4D4E342B94F1B5CFE490AEA4E673A36C3DCCD454618179F3C764868F2636B0D0D0339D02B5AF006D9A67881751D4665EFE506A327123CCDA7D84AD71B736173545DB21058DF010E7254EEA3EAE823B9475948C4E4B6FA49BEFDBB3FDB52980830A0DE778C156A97B2FBFD4BF6BC78BD2E981F2C6C8C78F7D2BF271A7A50306EB055154C1E1878B1B20B4223DA7190C7770859DD56FC169E043BC325415AE40E4DFC3342BA24B2FF677F7F617CE49E083B4F08529FD3B0ED987465A0E1F7B07D8E1037AE1926D6EEE3682A1A4A94705BFE623732B1C26C688937DE73FF898BAADC1B04D934F508E17455F79477602637BB6A356D3EE17DDF1E5D215DCF91D069D9251AFA3AF20711F812809DE65E4C1A7E3C5BFF27687CEE53F3F174DDF381F13242A87CEAEF36F3E5C76834DA7D8D815CB686053B7A511B21051DC436C9AB54714D70E90FFF2041034C46A3888C98D670893F2C95080CE53CB987159E1A5D15DEE7AF0C8ACE4AF5332D6F1B95638EDCCE0B4485DBA5BD86526D6EDA2BB26A69D2D682CFF1282A7BF9AA2C6B85A58802848E0680B9E1512F23E15DD61099C28E4A2AE3358D679A23B6A026F891EBB9EDA4FC25405552DF3CF6F9CCB146DA07EDBA0825B440D46193192652B35B4C065610C9534C82A3ADA4AA0B7C8352E1416049DF4A13006D78933041E082F323DBDB5D5F186CF3E6F0DF694ACDD3DE57C07E6918640E1AB8ABD104CD3B54FAD26AA5174C0A6683AC6CC4A62DF6EF1894B955BBDCB2680CBAC6EEB18C7264EB70597C98B6E6B377FD57642C813A1F7DE34BF9E3A0D7291BF18A1156403EFC2087CEA4FEB3794442E70EBB0ADF2319F0BDCE0C6B069DCEBCA701B6449EE15B1553738DDCEA978D0139C53A5DE0EDBACC3E834CBD3592DD804CBD6D5D4085AD6AA269CDE74C2E56636C0A06E6B80418784C42F4C0CB984C073B67AF2E980E72D507F68C3E8F01974E79417B20C6F2A4168AC54B963E780943D1934B8D59A734EDC39315819E85682D058C96FC76630D943C23933987E96DB39F15711255882CF48F96CC7E62EC9FB809931D78D4EDAC74E6C250C35CFC569ED9601772B9841FE0E61663C609693D660E206D22C4C507B020FC3CCA37DB21D8F9E06742B726318E4921D42A94CCB19632B1873F69854CDE865861D822D9AB8C3043CFD0CB35BC10C8AD7F533E303ED8CAF46D336D05AC3D8C3CCF27EF64A1F3C6246CE1794B37508F5313E0F8CAD3C4CF860166761C36CAC7349C03A87B3B0F6B9748AB3F0D664589DFE1444654D22B030CAA639F71390FA3DFFFCCE3F26D9510D969517C742260BCEC82CB43D994DA7D7419C81D734AFE5DCF58F2AC4C1FCB48F6666D221F6C8D370C2D8FB6433761871A77C4E072D201C3AE9340BECF495711044B777EDD9448B7005C70BEF2E46B35ED8EAD5C9B764194755094745BD68C3A7399AEB842E16F57492AEAF61264EDFA1EAAC34CA2B7B2CEBA8BB95E47454F55DDA6B957D9775D47D4BB226AAFA2E0E30CAAE8B2AEA9EC58996D88E9BBB20AEC3A648D4913CA917DB45BD21E37AA84B441D48B3FFC868D742B7369AE9D18BDAD7717D51A5A2AE542992E4895AD5795A45FDC8B3EE4C94C7559A0F4CA0DB951E3C1230E2F4C5334CDBDA9F10946E928465B64C08FB595AFB93811477711CE2FE44A0AC70DDB3B2F61F38A372A8E42CFD873958225603B4A976C25D94202194EDA1CBE6D928C56AFFD91E6FF8D6F2A9F61F34BB13A1A356F71FAAE50CAA46E88A2FAD8886B25CF2932548ED3F9FC30E73E09CA8C2218B16954997A74172A076D5D9829D311711D6EE90ADE5373560D509866C3D7769D719E6CE234C18529B4395A92FEDCCA4FD1598BDE11AA422E5235F1E2D3F6D22FCBCA5F8750653FFA10171846046D0A52EB3EA3A97D17D5CDDA931185555D8173C30031EC8C04992F9F7C0CD50318E43943F1ACA63BBE0685877D0BB8C3E6EB2F526434386E15D400545C17773AAFEF37CAB34CE471FF32870A98D2120347DFC22E863F4C3C60FBC1AEF0BC1131809087CE957BEE4C27399E1175D0FCF35A4EB38D2045492AFBEABBC85E13A40C0D28FD10A7C855D70436CFB013E00F7F9A68E122303D23E1134D98FCE7CF09080302D6134EDD14FC4C35EF8F4DDFF01EECD18A339DC0000, N'6.1.0-30225')
GO
INSERT [dbo].[AspNetUsers] ([Id], [Email], [EmailConfirmed], [PasswordHash], [SecurityStamp], [PhoneNumber], [PhoneNumberConfirmed], [TwoFactorEnabled], [LockoutEndDateUtc], [LockoutEnabled], [AccessFailedCount], [UserName]) VALUES (N'8ae6ce75-d0d3-489b-8469-221a9a907f69', NULL, 0, N'ADIXnYGa8+m1oyQrSqajLd3Of+KOTA8S7g+TvYbzYeaEDCzuKS3aRWsJlopOgWtAdQ==', N'dfee0009-e39e-45e1-add6-287f5b8c7ac7', NULL, 0, 0, NULL, 0, 0, N'cashier1')
GO
INSERT [dbo].[AspNetUsers] ([Id], [Email], [EmailConfirmed], [PasswordHash], [SecurityStamp], [PhoneNumber], [PhoneNumberConfirmed], [TwoFactorEnabled], [LockoutEndDateUtc], [LockoutEnabled], [AccessFailedCount], [UserName]) VALUES (N'a684d33b-ea96-4a48-8393-b07df9fae89c', NULL, 0, N'AKo5oagl+hVtXqIdAS2m1If6LRlSxSG5NsLMilpUEsxBg8yqDj3glGhV6783JfLc1w==', N'bc0a38b9-e284-4946-92f6-169841ed28f0', NULL, 0, 0, NULL, 0, 0, N'Admin')
GO
SET IDENTITY_INSERT [dbo].[BuyingProducts] ON 

GO
INSERT [dbo].[BuyingProducts] ([Id], [NumberBuying], [UnitPriceBuying], [AmountBuying], [IsLoading], [UserId], [ProductId], [CreationTime]) VALUES (1, 12311, CAST(1000.00 AS Decimal(18, 2)), 100, 0, N'8ae6ce75-d0d3-489b-8469-221a9a907f69', 1, CAST(N'2019-12-18 13:23:20.353' AS DateTime))
GO
INSERT [dbo].[BuyingProducts] ([Id], [NumberBuying], [UnitPriceBuying], [AmountBuying], [IsLoading], [UserId], [ProductId], [CreationTime]) VALUES (2, 12311, CAST(2000.00 AS Decimal(18, 2)), 300, 0, N'8ae6ce75-d0d3-489b-8469-221a9a907f69', 2, CAST(N'2019-12-18 13:23:40.747' AS DateTime))
GO
INSERT [dbo].[BuyingProducts] ([Id], [NumberBuying], [UnitPriceBuying], [AmountBuying], [IsLoading], [UserId], [ProductId], [CreationTime]) VALUES (3, 12311, CAST(4000.00 AS Decimal(18, 2)), 500, 0, N'8ae6ce75-d0d3-489b-8469-221a9a907f69', 3, CAST(N'2019-12-18 13:23:55.050' AS DateTime))
GO
INSERT [dbo].[BuyingProducts] ([Id], [NumberBuying], [UnitPriceBuying], [AmountBuying], [IsLoading], [UserId], [ProductId], [CreationTime]) VALUES (4, 12311, CAST(4000.00 AS Decimal(18, 2)), 500, 0, N'8ae6ce75-d0d3-489b-8469-221a9a907f69', 5, CAST(N'2019-12-18 13:24:01.490' AS DateTime))
GO
INSERT [dbo].[BuyingProducts] ([Id], [NumberBuying], [UnitPriceBuying], [AmountBuying], [IsLoading], [UserId], [ProductId], [CreationTime]) VALUES (5, 12311, CAST(2000.00 AS Decimal(18, 2)), 600, 0, N'8ae6ce75-d0d3-489b-8469-221a9a907f69', 4, CAST(N'2019-12-18 13:24:21.870' AS DateTime))
GO
INSERT [dbo].[BuyingProducts] ([Id], [NumberBuying], [UnitPriceBuying], [AmountBuying], [IsLoading], [UserId], [ProductId], [CreationTime]) VALUES (6, 12311, CAST(2000.00 AS Decimal(18, 2)), 600, 0, N'8ae6ce75-d0d3-489b-8469-221a9a907f69', 6, CAST(N'2019-12-18 13:24:27.847' AS DateTime))
GO
SET IDENTITY_INSERT [dbo].[BuyingProducts] OFF
GO
SET IDENTITY_INSERT [dbo].[Customers] ON 

GO
INSERT [dbo].[Customers] ([Id], [IdentificationNumber], [FirstName], [LastName], [Address], [Mail], [PhoneNumber], [CreationTime], [UserId]) VALUES (1, 1130669939, N'Carlos', N'Morales', N'kra 38', N'tecsistemas17@gmail.com', 4224882, CAST(N'2019-12-18 16:55:20.730' AS DateTime), N'8ae6ce75-d0d3-489b-8469-221a9a907f69')
GO
SET IDENTITY_INSERT [dbo].[Customers] OFF
GO
SET IDENTITY_INSERT [dbo].[Products] ON 

GO
INSERT [dbo].[Products] ([Id], [Name], [Description], [Code], [CreationTime], [UserId]) VALUES (1, N'arroz', N'Huila', 1000, CAST(N'2019-12-18 12:57:43.007' AS DateTime), N'a684d33b-ea96-4a48-8393-b07df9fae89c')
GO
INSERT [dbo].[Products] ([Id], [Name], [Description], [Code], [CreationTime], [UserId]) VALUES (2, N'frijoles', N'frijoles huila', 1001, CAST(N'2019-12-18 13:08:54.937' AS DateTime), N'a684d33b-ea96-4a48-8393-b07df9fae89c')
GO
INSERT [dbo].[Products] ([Id], [Name], [Description], [Code], [CreationTime], [UserId]) VALUES (3, N'arroz', N'huila', 1002, CAST(N'2019-12-18 13:19:45.480' AS DateTime), N'8ae6ce75-d0d3-489b-8469-221a9a907f69')
GO
INSERT [dbo].[Products] ([Id], [Name], [Description], [Code], [CreationTime], [UserId]) VALUES (4, N'panela', N'panela', 1003, CAST(N'2019-12-18 13:19:55.447' AS DateTime), N'8ae6ce75-d0d3-489b-8469-221a9a907f69')
GO
INSERT [dbo].[Products] ([Id], [Name], [Description], [Code], [CreationTime], [UserId]) VALUES (5, N'azucar', N'azucar', 1004, CAST(N'2019-12-18 13:20:08.110' AS DateTime), N'8ae6ce75-d0d3-489b-8469-221a9a907f69')
GO
INSERT [dbo].[Products] ([Id], [Name], [Description], [Code], [CreationTime], [UserId]) VALUES (6, N'sal', N'sal', 1005, CAST(N'2019-12-18 13:20:23.023' AS DateTime), N'8ae6ce75-d0d3-489b-8469-221a9a907f69')
GO
SET IDENTITY_INSERT [dbo].[Products] OFF
GO
SET IDENTITY_INSERT [dbo].[Receipts] ON 

GO
INSERT [dbo].[Receipts] ([Id], [CodeReceipt], [TotalPrice], [IVA], [CreationTime], [CustomerId], [UserId]) VALUES (1, 202, CAST(85680.00 AS Decimal(18, 2)), CAST(19.00 AS Decimal(18, 2)), CAST(N'2019-12-18 16:58:56.167' AS DateTime), 1, N'8ae6ce75-d0d3-489b-8469-221a9a907f69')
GO
SET IDENTITY_INSERT [dbo].[Receipts] OFF
GO
SET IDENTITY_INSERT [dbo].[SaleProducts] ON 

GO
INSERT [dbo].[SaleProducts] ([Id], [Amount], [IsLoading], [UnitPrice], [TotalPrice], [CreationTime], [ProductId], [ReceiptId]) VALUES (1, 20, 1, CAST(360.00 AS Decimal(18, 2)), CAST(72000.00 AS Decimal(18, 2)), CAST(N'2019-12-18 16:58:56.170' AS DateTime), 3, 1)
GO
SET IDENTITY_INSERT [dbo].[SaleProducts] OFF
GO
SET IDENTITY_INSERT [dbo].[WareHouses] ON 

GO
INSERT [dbo].[WareHouses] ([Id], [AmountWareHouse], [UnitPriceBuying], [MargenGain], [CreationTime], [UserId], [ProductId]) VALUES (1, 100, CAST(1000.00 AS Decimal(18, 2)), CAST(20.00 AS Decimal(18, 2)), CAST(N'2019-12-18 13:58:47.727' AS DateTime), N'8ae6ce75-d0d3-489b-8469-221a9a907f69', 1)
GO
INSERT [dbo].[WareHouses] ([Id], [AmountWareHouse], [UnitPriceBuying], [MargenGain], [CreationTime], [UserId], [ProductId]) VALUES (2, 300, CAST(2000.00 AS Decimal(18, 2)), CAST(20.00 AS Decimal(18, 2)), CAST(N'2019-12-18 13:58:47.823' AS DateTime), N'8ae6ce75-d0d3-489b-8469-221a9a907f69', 2)
GO
INSERT [dbo].[WareHouses] ([Id], [AmountWareHouse], [UnitPriceBuying], [MargenGain], [CreationTime], [UserId], [ProductId]) VALUES (3, 480, CAST(4000.00 AS Decimal(18, 2)), CAST(20.00 AS Decimal(18, 2)), CAST(N'2019-12-18 13:58:47.913' AS DateTime), N'8ae6ce75-d0d3-489b-8469-221a9a907f69', 3)
GO
INSERT [dbo].[WareHouses] ([Id], [AmountWareHouse], [UnitPriceBuying], [MargenGain], [CreationTime], [UserId], [ProductId]) VALUES (4, 500, CAST(4000.00 AS Decimal(18, 2)), CAST(20.00 AS Decimal(18, 2)), CAST(N'2019-12-18 13:58:47.990' AS DateTime), N'8ae6ce75-d0d3-489b-8469-221a9a907f69', 5)
GO
INSERT [dbo].[WareHouses] ([Id], [AmountWareHouse], [UnitPriceBuying], [MargenGain], [CreationTime], [UserId], [ProductId]) VALUES (5, 600, CAST(2000.00 AS Decimal(18, 2)), CAST(20.00 AS Decimal(18, 2)), CAST(N'2019-12-18 13:58:48.067' AS DateTime), N'8ae6ce75-d0d3-489b-8469-221a9a907f69', 4)
GO
INSERT [dbo].[WareHouses] ([Id], [AmountWareHouse], [UnitPriceBuying], [MargenGain], [CreationTime], [UserId], [ProductId]) VALUES (6, 600, CAST(2000.00 AS Decimal(18, 2)), CAST(20.00 AS Decimal(18, 2)), CAST(N'2019-12-18 13:58:48.153' AS DateTime), N'8ae6ce75-d0d3-489b-8469-221a9a907f69', 6)
GO
SET IDENTITY_INSERT [dbo].[WareHouses] OFF
GO
SET ANSI_PADDING ON

GO
/****** Object:  Index [RoleNameIndex]    Script Date: 18/12/2019 5:10:35 p. m. ******/
CREATE UNIQUE NONCLUSTERED INDEX [RoleNameIndex] ON [dbo].[AspNetRoles]
(
	[Name] ASC
)WITH (PAD_INDEX = OFF, STATISTICS_NORECOMPUTE = OFF, SORT_IN_TEMPDB = OFF, IGNORE_DUP_KEY = OFF, DROP_EXISTING = OFF, ONLINE = OFF, ALLOW_ROW_LOCKS = ON, ALLOW_PAGE_LOCKS = ON) ON [PRIMARY]
GO
SET ANSI_PADDING ON

GO
/****** Object:  Index [IX_UserId]    Script Date: 18/12/2019 5:10:35 p. m. ******/
CREATE NONCLUSTERED INDEX [IX_UserId] ON [dbo].[AspNetUserClaims]
(
	[UserId] ASC
)WITH (PAD_INDEX = OFF, STATISTICS_NORECOMPUTE = OFF, SORT_IN_TEMPDB = OFF, DROP_EXISTING = OFF, ONLINE = OFF, ALLOW_ROW_LOCKS = ON, ALLOW_PAGE_LOCKS = ON) ON [PRIMARY]
GO
SET ANSI_PADDING ON

GO
/****** Object:  Index [IX_UserId]    Script Date: 18/12/2019 5:10:35 p. m. ******/
CREATE NONCLUSTERED INDEX [IX_UserId] ON [dbo].[AspNetUserLogins]
(
	[UserId] ASC
)WITH (PAD_INDEX = OFF, STATISTICS_NORECOMPUTE = OFF, SORT_IN_TEMPDB = OFF, DROP_EXISTING = OFF, ONLINE = OFF, ALLOW_ROW_LOCKS = ON, ALLOW_PAGE_LOCKS = ON) ON [PRIMARY]
GO
SET ANSI_PADDING ON

GO
/****** Object:  Index [IX_RoleId]    Script Date: 18/12/2019 5:10:35 p. m. ******/
CREATE NONCLUSTERED INDEX [IX_RoleId] ON [dbo].[AspNetUserRoles]
(
	[RoleId] ASC
)WITH (PAD_INDEX = OFF, STATISTICS_NORECOMPUTE = OFF, SORT_IN_TEMPDB = OFF, DROP_EXISTING = OFF, ONLINE = OFF, ALLOW_ROW_LOCKS = ON, ALLOW_PAGE_LOCKS = ON) ON [PRIMARY]
GO
SET ANSI_PADDING ON

GO
/****** Object:  Index [IX_UserId]    Script Date: 18/12/2019 5:10:35 p. m. ******/
CREATE NONCLUSTERED INDEX [IX_UserId] ON [dbo].[AspNetUserRoles]
(
	[UserId] ASC
)WITH (PAD_INDEX = OFF, STATISTICS_NORECOMPUTE = OFF, SORT_IN_TEMPDB = OFF, DROP_EXISTING = OFF, ONLINE = OFF, ALLOW_ROW_LOCKS = ON, ALLOW_PAGE_LOCKS = ON) ON [PRIMARY]
GO
SET ANSI_PADDING ON

GO
/****** Object:  Index [UserNameIndex]    Script Date: 18/12/2019 5:10:35 p. m. ******/
CREATE UNIQUE NONCLUSTERED INDEX [UserNameIndex] ON [dbo].[AspNetUsers]
(
	[UserName] ASC
)WITH (PAD_INDEX = OFF, STATISTICS_NORECOMPUTE = OFF, SORT_IN_TEMPDB = OFF, IGNORE_DUP_KEY = OFF, DROP_EXISTING = OFF, ONLINE = OFF, ALLOW_ROW_LOCKS = ON, ALLOW_PAGE_LOCKS = ON) ON [PRIMARY]
GO
/****** Object:  Index [IX_ProductId]    Script Date: 18/12/2019 5:10:35 p. m. ******/
CREATE NONCLUSTERED INDEX [IX_ProductId] ON [dbo].[BuyingProducts]
(
	[ProductId] ASC
)WITH (PAD_INDEX = OFF, STATISTICS_NORECOMPUTE = OFF, SORT_IN_TEMPDB = OFF, DROP_EXISTING = OFF, ONLINE = OFF, ALLOW_ROW_LOCKS = ON, ALLOW_PAGE_LOCKS = ON) ON [PRIMARY]
GO
SET ANSI_PADDING ON

GO
/****** Object:  Index [IX_UserId]    Script Date: 18/12/2019 5:10:35 p. m. ******/
CREATE NONCLUSTERED INDEX [IX_UserId] ON [dbo].[BuyingProducts]
(
	[UserId] ASC
)WITH (PAD_INDEX = OFF, STATISTICS_NORECOMPUTE = OFF, SORT_IN_TEMPDB = OFF, DROP_EXISTING = OFF, ONLINE = OFF, ALLOW_ROW_LOCKS = ON, ALLOW_PAGE_LOCKS = ON) ON [PRIMARY]
GO
SET ANSI_PADDING ON

GO
/****** Object:  Index [IX_UserId]    Script Date: 18/12/2019 5:10:35 p. m. ******/
CREATE NONCLUSTERED INDEX [IX_UserId] ON [dbo].[Customers]
(
	[UserId] ASC
)WITH (PAD_INDEX = OFF, STATISTICS_NORECOMPUTE = OFF, SORT_IN_TEMPDB = OFF, DROP_EXISTING = OFF, ONLINE = OFF, ALLOW_ROW_LOCKS = ON, ALLOW_PAGE_LOCKS = ON) ON [PRIMARY]
GO
SET ANSI_PADDING ON

GO
/****** Object:  Index [IX_UserId]    Script Date: 18/12/2019 5:10:35 p. m. ******/
CREATE NONCLUSTERED INDEX [IX_UserId] ON [dbo].[Products]
(
	[UserId] ASC
)WITH (PAD_INDEX = OFF, STATISTICS_NORECOMPUTE = OFF, SORT_IN_TEMPDB = OFF, DROP_EXISTING = OFF, ONLINE = OFF, ALLOW_ROW_LOCKS = ON, ALLOW_PAGE_LOCKS = ON) ON [PRIMARY]
GO
/****** Object:  Index [IX_CustomerId]    Script Date: 18/12/2019 5:10:35 p. m. ******/
CREATE NONCLUSTERED INDEX [IX_CustomerId] ON [dbo].[Receipts]
(
	[CustomerId] ASC
)WITH (PAD_INDEX = OFF, STATISTICS_NORECOMPUTE = OFF, SORT_IN_TEMPDB = OFF, DROP_EXISTING = OFF, ONLINE = OFF, ALLOW_ROW_LOCKS = ON, ALLOW_PAGE_LOCKS = ON) ON [PRIMARY]
GO
SET ANSI_PADDING ON

GO
/****** Object:  Index [IX_UserId]    Script Date: 18/12/2019 5:10:35 p. m. ******/
CREATE NONCLUSTERED INDEX [IX_UserId] ON [dbo].[Receipts]
(
	[UserId] ASC
)WITH (PAD_INDEX = OFF, STATISTICS_NORECOMPUTE = OFF, SORT_IN_TEMPDB = OFF, DROP_EXISTING = OFF, ONLINE = OFF, ALLOW_ROW_LOCKS = ON, ALLOW_PAGE_LOCKS = ON) ON [PRIMARY]
GO
/****** Object:  Index [IX_ProductId]    Script Date: 18/12/2019 5:10:35 p. m. ******/
CREATE NONCLUSTERED INDEX [IX_ProductId] ON [dbo].[SaleProducts]
(
	[ProductId] ASC
)WITH (PAD_INDEX = OFF, STATISTICS_NORECOMPUTE = OFF, SORT_IN_TEMPDB = OFF, DROP_EXISTING = OFF, ONLINE = OFF, ALLOW_ROW_LOCKS = ON, ALLOW_PAGE_LOCKS = ON) ON [PRIMARY]
GO
/****** Object:  Index [IX_ReceiptId]    Script Date: 18/12/2019 5:10:35 p. m. ******/
CREATE NONCLUSTERED INDEX [IX_ReceiptId] ON [dbo].[SaleProducts]
(
	[ReceiptId] ASC
)WITH (PAD_INDEX = OFF, STATISTICS_NORECOMPUTE = OFF, SORT_IN_TEMPDB = OFF, DROP_EXISTING = OFF, ONLINE = OFF, ALLOW_ROW_LOCKS = ON, ALLOW_PAGE_LOCKS = ON) ON [PRIMARY]
GO
/****** Object:  Index [IX_ProductId]    Script Date: 18/12/2019 5:10:35 p. m. ******/
CREATE NONCLUSTERED INDEX [IX_ProductId] ON [dbo].[WareHouses]
(
	[ProductId] ASC
)WITH (PAD_INDEX = OFF, STATISTICS_NORECOMPUTE = OFF, SORT_IN_TEMPDB = OFF, DROP_EXISTING = OFF, ONLINE = OFF, ALLOW_ROW_LOCKS = ON, ALLOW_PAGE_LOCKS = ON) ON [PRIMARY]
GO
SET ANSI_PADDING ON

GO
/****** Object:  Index [IX_UserId]    Script Date: 18/12/2019 5:10:35 p. m. ******/
CREATE NONCLUSTERED INDEX [IX_UserId] ON [dbo].[WareHouses]
(
	[UserId] ASC
)WITH (PAD_INDEX = OFF, STATISTICS_NORECOMPUTE = OFF, SORT_IN_TEMPDB = OFF, DROP_EXISTING = OFF, ONLINE = OFF, ALLOW_ROW_LOCKS = ON, ALLOW_PAGE_LOCKS = ON) ON [PRIMARY]
GO
ALTER TABLE [dbo].[AspNetUserClaims]  WITH CHECK ADD  CONSTRAINT [FK_dbo.AspNetUserClaims_dbo.AspNetUsers_UserId] FOREIGN KEY([UserId])
REFERENCES [dbo].[AspNetUsers] ([Id])
ON DELETE CASCADE
GO
ALTER TABLE [dbo].[AspNetUserClaims] CHECK CONSTRAINT [FK_dbo.AspNetUserClaims_dbo.AspNetUsers_UserId]
GO
ALTER TABLE [dbo].[AspNetUserLogins]  WITH CHECK ADD  CONSTRAINT [FK_dbo.AspNetUserLogins_dbo.AspNetUsers_UserId] FOREIGN KEY([UserId])
REFERENCES [dbo].[AspNetUsers] ([Id])
ON DELETE CASCADE
GO
ALTER TABLE [dbo].[AspNetUserLogins] CHECK CONSTRAINT [FK_dbo.AspNetUserLogins_dbo.AspNetUsers_UserId]
GO
ALTER TABLE [dbo].[AspNetUserRoles]  WITH CHECK ADD  CONSTRAINT [FK_dbo.AspNetUserRoles_dbo.AspNetRoles_RoleId] FOREIGN KEY([RoleId])
REFERENCES [dbo].[AspNetRoles] ([Id])
ON DELETE CASCADE
GO
ALTER TABLE [dbo].[AspNetUserRoles] CHECK CONSTRAINT [FK_dbo.AspNetUserRoles_dbo.AspNetRoles_RoleId]
GO
ALTER TABLE [dbo].[AspNetUserRoles]  WITH CHECK ADD  CONSTRAINT [FK_dbo.AspNetUserRoles_dbo.AspNetUsers_UserId] FOREIGN KEY([UserId])
REFERENCES [dbo].[AspNetUsers] ([Id])
ON DELETE CASCADE
GO
ALTER TABLE [dbo].[AspNetUserRoles] CHECK CONSTRAINT [FK_dbo.AspNetUserRoles_dbo.AspNetUsers_UserId]
GO
ALTER TABLE [dbo].[BuyingProducts]  WITH CHECK ADD  CONSTRAINT [FK_dbo.BuyingProducts_dbo.AspNetUsers_UserId] FOREIGN KEY([UserId])
REFERENCES [dbo].[AspNetUsers] ([Id])
GO
ALTER TABLE [dbo].[BuyingProducts] CHECK CONSTRAINT [FK_dbo.BuyingProducts_dbo.AspNetUsers_UserId]
GO
ALTER TABLE [dbo].[BuyingProducts]  WITH CHECK ADD  CONSTRAINT [FK_dbo.BuyingProducts_dbo.Products_ProductId] FOREIGN KEY([ProductId])
REFERENCES [dbo].[Products] ([Id])
ON DELETE CASCADE
GO
ALTER TABLE [dbo].[BuyingProducts] CHECK CONSTRAINT [FK_dbo.BuyingProducts_dbo.Products_ProductId]
GO
ALTER TABLE [dbo].[Customers]  WITH CHECK ADD  CONSTRAINT [FK_dbo.Customers_dbo.AspNetUsers_UserId] FOREIGN KEY([UserId])
REFERENCES [dbo].[AspNetUsers] ([Id])
GO
ALTER TABLE [dbo].[Customers] CHECK CONSTRAINT [FK_dbo.Customers_dbo.AspNetUsers_UserId]
GO
ALTER TABLE [dbo].[Products]  WITH CHECK ADD  CONSTRAINT [FK_dbo.Products_dbo.AspNetUsers_UserId] FOREIGN KEY([UserId])
REFERENCES [dbo].[AspNetUsers] ([Id])
GO
ALTER TABLE [dbo].[Products] CHECK CONSTRAINT [FK_dbo.Products_dbo.AspNetUsers_UserId]
GO
ALTER TABLE [dbo].[Receipts]  WITH CHECK ADD  CONSTRAINT [FK_dbo.Receipts_dbo.AspNetUsers_UserId] FOREIGN KEY([UserId])
REFERENCES [dbo].[AspNetUsers] ([Id])
GO
ALTER TABLE [dbo].[Receipts] CHECK CONSTRAINT [FK_dbo.Receipts_dbo.AspNetUsers_UserId]
GO
ALTER TABLE [dbo].[Receipts]  WITH CHECK ADD  CONSTRAINT [FK_dbo.Receipts_dbo.Customers_CustomerId] FOREIGN KEY([CustomerId])
REFERENCES [dbo].[Customers] ([Id])
ON DELETE CASCADE
GO
ALTER TABLE [dbo].[Receipts] CHECK CONSTRAINT [FK_dbo.Receipts_dbo.Customers_CustomerId]
GO
ALTER TABLE [dbo].[SaleProducts]  WITH CHECK ADD  CONSTRAINT [FK_dbo.SaleProducts_dbo.Products_ProductId] FOREIGN KEY([ProductId])
REFERENCES [dbo].[Products] ([Id])
ON DELETE CASCADE
GO
ALTER TABLE [dbo].[SaleProducts] CHECK CONSTRAINT [FK_dbo.SaleProducts_dbo.Products_ProductId]
GO
ALTER TABLE [dbo].[SaleProducts]  WITH CHECK ADD  CONSTRAINT [FK_dbo.SaleProducts_dbo.Receipts_ReceiptId] FOREIGN KEY([ReceiptId])
REFERENCES [dbo].[Receipts] ([Id])
ON DELETE CASCADE
GO
ALTER TABLE [dbo].[SaleProducts] CHECK CONSTRAINT [FK_dbo.SaleProducts_dbo.Receipts_ReceiptId]
GO
ALTER TABLE [dbo].[WareHouses]  WITH CHECK ADD  CONSTRAINT [FK_dbo.WareHouses_dbo.AspNetUsers_UserId] FOREIGN KEY([UserId])
REFERENCES [dbo].[AspNetUsers] ([Id])
GO
ALTER TABLE [dbo].[WareHouses] CHECK CONSTRAINT [FK_dbo.WareHouses_dbo.AspNetUsers_UserId]
GO
ALTER TABLE [dbo].[WareHouses]  WITH CHECK ADD  CONSTRAINT [FK_dbo.WareHouses_dbo.Products_ProductId] FOREIGN KEY([ProductId])
REFERENCES [dbo].[Products] ([Id])
ON DELETE CASCADE
GO
ALTER TABLE [dbo].[WareHouses] CHECK CONSTRAINT [FK_dbo.WareHouses_dbo.Products_ProductId]

go
ALTER DATABASE [MyMarket] SET  READ_WRITE 
GO
